"fight","","","sure","defeat","unless","stop","","","","nbpbztxozu","","",""
"","neilrkaye","","draws","closer","worth","reminding","","alive","","human","fossil","",""
"","neilrkaye","","draws","closer","worth","reminding","","alive","","human","fossil","",""
"","","econtwitter","intelligent","society","deal","climate","change","","","","","climatecha",""
"","","econtwitter","rational","society","deal","climate","change","","","","","",""
"","","gain","global","warming","","","","","","nytimes","guardian","","bloomb"
"","","econtwitter","rational","society","deal","climate","change","","","","","",""
"","","global","warming","beneficial","greta","wants","believe","","","","","climatechan",""
"","neilrkaye","","draws","closer","worth","reminding","","alive","","human","fossil","",""
"","mtapscott","china","imports","","natural","","country","world","energy","china","","carbon","fossilfue"
"stop","global","warming","better","late","never","","","","","","","",""
"","","econtwitter","intelligent","society","deal","climate","change","","","","","climatecha",""
"","","gain","global","warming","","","","","","nytimes","guardian","","bloomb"
"","neilrkaye","","draws","closer","worth","reminding","","alive","","human","fossil","",""
"roots","grow","shade","","","","carbon","","climate","","crops","","",""
"wish","scientists","governments","just","admit","","","","","longer","","","",""
"","neilrkaye","","draws","closer","worth","reminding","","alive","","human","fossil","",""
"","neilrkaye","","draws","closer","worth","reminding","","alive","","human","fossil","",""
"","earthmanat","","","renewables","","","","","","","","",""
"","earthmanat","","","","","renewables","","","exti","","","",""
"","earthmanat","","","","","renewables","","","exti","","","",""
"","","","","renewables","","","","","","","","",""
"","neilrkaye","","draws","closer","worth","reminding","","alive","","human","fossil","",""
"","","post","","","","average","increase","temperature","since","","approx","climatedata","slutsk"
"belarus","follow","","","","","","","","","","","",""
"post","","","","average","increase","temperature","since","","approx","climatedata","slutsk","belarus","follow"
"","","","","","","","","","","","","",""
"","","","live","normal","human","lives","draconian","world","rise","reclaim","snatched","freedoms","hoaxes"
"","","","","","","","","","","","","",""
"great","news","environment","enviornment","","","","","","","","","",""
"","neilrkaye","","draws","closer","worth","reminding","","alive","","human","fossil","",""
"","neilrkaye","","draws","closer","worth","reminding","","alive","","human","fossil","",""
"","","stopped","","planet","earth","inhabitants","","","","","","",""
"","","","","","","","","","","","","",""
"","","","","stopped","","planet","earth","inhabitants","","","","","years"
"","","","","","","","","","","","","",""
"","rpujolvives","transition","green","problem","transition","","","","energy","","","",""
"","","global","warming","beneficial","greta","wants","believe","","","","","climatechan",""
"","","global","warming","beneficial","media","tell","","","","","","",""
"","","global","warming","beneficial","greta","wants","believe","","","","","climatechan",""
"","","econtwitter","rational","society","deal","climate","change","","","","economist","",""
"","","talk","","","political","rhetoric","","fool","world","people","unless","measures",""
"","","scientists","agents","govt","","like","","worldbank","","anti","humanrights","blogs",""
"","wqbelle","enemy","","","","","","","worst","enemy","nobody","else","blame"
"covid","","","","","","","","","","","","",""
"","wqbelle","enemy","","","","","","","worst","enemy","nobody","else","blame"
"covid","","","","","","","","","","","","",""
"fight","","","every","single","","","","housing","project","time","worl","",""
"","","","","","","","","","","","","",""
"scientists","agents","govt","","like","","worldbank","","anti","humanrights","","","",""
"","","nobody","wants","things","impossible","","","","","","","climatec",""
"","","stopped","","planet","earth","inhabitants","","","","","","",""
"","","","","","","","","","","","","",""
"","","gain","global","warming","","","","","","nytimes","guardian","","bloomb"
"","","","need","stop","buying","stuff","know","just","people","persuade","","",""
"","","","","","","","","","","","","",""
"nobody","wants","things","impossible","","","","","","","","","",""
"talk","","","political","rhetoric","","fool","world","people","unless","measur","","",""
"","","global","warming","beneficial","greta","wants","believe","","","","","climatechan",""
"","neilrkaye","","draws","closer","worth","reminding","","alive","","human","fossil","",""
"","neilrkaye","seasonal","temperature","averages","","","selection","european","countries","seasons","warming","",""
"","","season","fault","lines","continues","excellent","story","worth","time","climate","change","fueling","migratio"
"","neilrkaye","","draws","closer","worth","reminding","","alive","","human","fossil","",""
"","neilrkaye","","draws","closer","worth","reminding","","alive","","human","fossil","",""
"","neilrkaye","","draws","closer","worth","reminding","","alive","","human","fossil","",""
"","neilrkaye","","draws","closer","worth","reminding","","alive","","human","fossil","",""
"","need","stop","buying","stuff","know","just","people","persuade","","","","",""
"","neilrkaye","","draws","closer","worth","reminding","","alive","","human","fossil","",""
"majority","americans","want","","","","companies","held","account","lying","climate","crisis","",""
"","","","","","","","","","","","","",""
"humans","even","capable","solving","climate","crisis","","coming","soon","stworg","","","",""
"","neilrkaye","","draws","closer","worth","reminding","","alive","","human","fossil","",""
"","neilrkaye","","draws","closer","worth","reminding","","alive","","human","fossil","",""
"streatham","library","","","great","selection","fiction","","fiction","books","climate","chang","",""
"","","","","","","","","","","","","",""
"","neilrkaye","","draws","closer","worth","reminding","","alive","","human","fossil","",""
"","","season","fault","lines","continues","excellent","story","worth","time","climate","change","fueling","migratio"
"","neilrkaye","seasonal","temperature","averages","","","selection","european","countries","seasons","warming","",""
"","","","beneficial","greta","wants","believe","","","","","nytimes","",""
"","","southern","italy","braced","rare","","hurricane","call","medicane","","latest","evidence","demonstrati"
"","neilrkaye","seasonal","temperature","averages","","","selection","european","countries","seasons","warming","",""
"","","global","warming","beneficial","greta","wants","believe","","","","","climatechan",""
"","neilrkaye","","draws","closer","worth","reminding","","alive","","human","fossil","",""
"","","","live","normal","human","lives","draconian","world","rise","reclaim","snatched","freedoms","hoaxes"
"","","","","","","","","","","","","",""
"","","econtwitter","intelligent","society","deal","climate","change","","","","","climatecha",""
"transition","green","problem","transition","","","","energy","","","","","",""
"","neilrkaye","increasing","human","fossil","fuel","","ùóπùó≤ùóÆùó±","","increasing","","atmosphere","ùóπùó≤ùóÆùó±",""
"increasing","global","","ùóπùó≤ùóÆùó±","","","","","","","","","",""
"","neilrkaye","","draws","closer","worth","reminding","","alive","","human","fossil","",""
"","","planetary","health","enthusiast","interested","raising","awareness","climate","risks","health","","",""
"","neilrkaye","seasonal","temperature","averages","","","selection","european","countries","seasons","warming","",""
"","neilrkaye","","seasonal","temperature","averages","","","season","warming","regions","dataviz","","glob"
"nftgiveaway","celebrating","","followers","claim","gift","","","","","","forml","",""
"","","","","","","","","","","","","",""
"","","econtwitter","intelligent","society","deal","climate","change","","","","","climatecha",""
"","","gain","global","warming","","","","","","nytimes","guardian","","bloomb"
"","","shipping","beijing","climate","","environment","nature","","","","","",""
"","","shipping","beijing","climate","","environment","nature","","","","","",""
"shipping","beijing","climate","","environment","nature","","","","","","","",""
"","","shipping","beijing","climate","","environment","nature","","","","","",""
"","","shipping","beijing","climate","","environment","nature","","","","","",""
"shipping","beijing","climate","","environment","nature","","","","","","","",""
"shipping","beijing","climate","","environment","nature","","","","","","","",""
"shipping","beijing","climate","","environment","nature","","","","","luqghorbeb","","",""
"shipping","beijing","climate","","environment","nature","","","","","","","",""
"shipping","beijing","climate","","environment","nature","","","","","nhsdjtvrzw","","",""
"shipping","beijing","climate","","environment","nature","","","","","","","",""
"shipping","beijing","climate","","environment","nature","","","","","","","",""
"","neilrkaye","","draws","closer","worth","reminding","","alive","","human","fossil","",""
"","","economist","intelligent","society","deal","climate","change","","","","","",""
"","","global","warming","beneficial","greta","wants","believe","","","","","climatechan",""
"","","lorna","zanre","nature","calls","acrylic","canvas","","","","","",""
"","enquiries","free","postage","","","","","","","","","",""
"","neilrkaye","","draws","closer","worth","reminding","","alive","","human","fossil","",""
"","neilrkaye","seasonal","temperature","averages","","","selection","european","countries","seasons","warming","",""
